<?xml version="1.0" encoding="UTF-8" standalone="no"?><game><move>c3-d4</move><countermove>b6-a5</countermove><move>e3-f4</move><countermove>c7-b6</countermove><move>d2-e3</move><countermove>f6-g5</countermove><move>b2-c3</move><countermove>g5-h4</countermove><move>c1-b2</move><countermove>g7-f6</countermove><move>a3-b4</move><countermove>f6-g5</countermove><move>b2-a3</move><countermove>e7-f6</countermove><move>e1-d2</move><countermove>d8-c7</countermove><move>a1-b2</move><countermove>f6-e5</countermove><move>d4xf6</move><countermove>b6-c5</countermove><move>f6-e7</move><countermove>c7-b6</countermove><move>e7-d8</move><countermove>h8-g7</countermove><move>c3-d4</move><countermove>a5xc3</countermove><move>d2xb4</move><countermove>b6-a5</countermove><move>d4xb6</move><countermove>a7xc5</countermove><move>b2-c3</move><countermove>b8-a7</countermove></game>